	0
ID=gene-TB927.1.310	1
ID=gene-TB927.1.650	1
ID=gene-TB927.1.990	1
ID=gene-TB927.1.980	1
ID=gene-TB927.1.1020	1
ID=gene-TB927.1.1140	1
ID=gene-TB927.1.1220	1
ID=gene-TB927.1.1350	1
ID=gene-TB927.1.1470	1
ID=gene-TB927.1.2110	1
ID=gene-TB927.1.2450	1
ID=gene-TB927.1.2470	1
ID=gene-TB927.1.2490	1
ID=gene-TB927.1.2510	1
ID=gene-TB927.1.2530	1
ID=gene-TB927.1.2550	1
ID=gene-TB927.1.2570	1
ID=gene-TB927.1.2580	1
ID=gene-TB927.1.2660	1
ID=gene-TB927.1.2680	1
ID=gene-TB927.1.2710	1
ID=gene-TB927.1.3030	1
ID=gene-TB927.1.3650	1
ID=gene-TB927.1.3870	1
ID=gene-TB927.1.3940	1
ID=gene-TB927.1.3960	1
ID=gene-TB927.1.4020	1
ID=gene-TB927.1.4100	1
ID=gene-TB927.1.4170	1
ID=gene-TB927.1.4330	1
ID=gene-TB927.1.4410	1
ID=gene-TB927.1.4430	1
ID=gene-TB927.1.4490	1
ID=gene-TB927.1.4500	1
ID=gene-TB927.1.340	1
ID=gene-TB927.1.540	1
ID=gene-TB927.1.670	1
ID=gene-TB927.1.750	1
ID=gene-TB927.1.830	1
ID=gene-TB927.1.900	1
ID=gene-TB927.1.1430	1
ID=gene-TB927.1.1720	1
ID=gene-TB927.1.2170	1
ID=gene-TB927.1.2280	1
ID=gene-TB927.1.2650	1
ID=gene-TB927.1.2900	1
ID=gene-TB927.1.2920	1
ID=gene-TB927.1.3080	1
ID=gene-TB927.1.3120	1
ID=gene-TB927.1.3150	1
ID=gene-TB927.1.3210	1
ID=gene-TB927.1.3340	1
ID=gene-TB927.1.3380	1
ID=gene-TB927.1.3370	1
ID=gene-TB927.1.4260	1
ID=gene-TB927.1.4280	1
ID=gene-TB927.1.4270	1
ID=gene-Tb927.2.1810	1
ID=gene-Tb927.2.2460	1
ID=gene-Tb927.2.2880	1
ID=gene-Tb927.2.3370	1
ID=gene-Tb927.2.3610	1
ID=gene-Tb927.2.4710	1
ID=gene-Tb927.2.4990	1
ID=gene-Tb927.2.5600	1
ID=gene-Tb927.2.5830	1
ID=gene-Tb927.2.5930	1
ID=gene-Tb927.2.1920	1
ID=gene-Tb927.2.2070	1
ID=gene-Tb927.2.2470	1
ID=gene-Tb927.2.2910	1
ID=gene-Tb927.2.3090	1
ID=gene-Tb927.2.4000	1
ID=gene-Tb927.2.4370	1
ID=gene-Tb927.2.4420	1
ID=gene-Tb927.2.5540	1
ID=gene-Tb927.2.5720	1
ID=gene-Tb927.2.5950	1
ID=gene-Tb927.3.1360	1
ID=gene-Tb927.3.2390	1
ID=gene-Tb927.3.2440	1
ID=gene-Tb927.3.2730	1
ID=gene-Tb927.3.2870	1
ID=gene-Tb927.3.3020	1
ID=gene-Tb927.3.3510	1
ID=gene-Tb927.3.3550	1
ID=gene-Tb927.3.3840	1
ID=gene-Tb927.3.3910	1
ID=gene-Tb927.3.3990	1
ID=gene-Tb927.3.4010	1
ID=gene-Tb927.3.4020	1
ID=gene-Tb927.3.4240	1
ID=gene-Tb927.3.4490	1
ID=gene-Tb927.3.4560	1
ID=gene-Tb927.3.4820	1
ID=gene-Tb927.3.4910	1
ID=gene-Tb927.3.5090	1
ID=gene-Tb927.3.5200	1
ID=gene-Tb927.3.5500	1
ID=gene-Tb927.3.5660	1
ID=gene-Tb927.3.5780	1
ID=gene-Tb927.3.1140	1
ID=gene-Tb927.3.1250	1
ID=gene-Tb927.3.1630	1
ID=gene-Tb927.3.1740	1
ID=gene-Tb927.3.1810	1
ID=gene-Tb927.3.1920	1
ID=gene-Tb927.3.2070	1
ID=gene-Tb927.3.2250	1
ID=gene-Tb927.3.2340	1
ID=gene-Tb927.3.2590	1
ID=gene-Tb927.3.2710	1
ID=gene-Tb927.3.2780	1
ID=gene-Tb927.3.2860	1
ID=gene-Tb927.3.2930	1
ID=gene-Tb927.3.2970	1
ID=gene-Tb927.3.3090	1
ID=gene-Tb927.3.3340	1
ID=gene-Tb927.3.3350	1
ID=gene-Tb927.3.3400	1
ID=gene-Tb927.3.4390	1
ID=gene-Tb927.3.4610	1
ID=gene-Tb927.3.4810	1
ID=gene-Tb927.3.5330	1
ID=gene-Tb927.4.810	1
ID=gene-Tb927.4.1300	1
ID=gene-Tb927.4.1310	1
ID=gene-Tb927.4.1390	1
ID=gene-Tb927.4.1480	1
ID=gene-Tb927.4.1550	1
ID=gene-Tb927.4.1830	1
ID=gene-Tb927.4.2230	1
ID=gene-Tb927.4.2310	1
ID=gene-Tb927.4.2370	1
ID=gene-Tb927.4.2400	1
ID=gene-Tb927.4.2570	1
ID=gene-Tb927.4.2850	1
ID=gene-Tb927.4.2930	1
ID=gene-Tb927.4.3480	1
ID=gene-Tb927.4.3900	1
ID=gene-Tb927.4.4320	1
ID=gene-Tb927.4.4720	1
ID=gene-Tb927.4.5010	1
ID=gene-Tb927.4.400	1
ID=gene-Tb927.4.550	1
ID=gene-Tb927.4.610	1
ID=gene-Tb927.4.1050	1
ID=gene-Tb927.4.1100	1
ID=gene-Tb927.4.1420	1
ID=gene-Tb927.4.1690	1
ID=gene-Tb927.4.1720	1
ID=gene-Tb927.4.1900	1
ID=gene-Tb927.4.1920	1
ID=gene-Tb927.4.2160	1
ID=gene-Tb927.4.2690	1
ID=gene-Tb927.4.2710	1
ID=gene-Tb927.4.2830	1
ID=gene-Tb927.4.2920	1
ID=gene-Tb927.4.3130	1
ID=gene-Tb927.4.3200	1
ID=gene-Tb927.4.3550	1
ID=gene-Tb927.4.4230	1
ID=gene-Tb927.4.4480	1
ID=gene-Tb927.4.4580	1
ID=gene-Tb927.4.4970	1
ID=gene-Tb927.4.5790	1
ID=gene-Tb927.5.420	1
ID=gene-Tb927.5.520	1
ID=gene-Tb927.5.760	1
ID=gene-Tb927.5.780	1
ID=gene-Tb927.5.890	1
ID=gene-Tb927.5.940	1
ID=gene-Tb927.5.950	1
ID=gene-Tb927.5.1020	1
ID=gene-Tb927.5.1120	1
ID=gene-Tb927.5.1400	1
ID=gene-Tb927.5.1420	1
ID=gene-Tb927.5.1470	1
ID=gene-Tb927.5.1610	1
ID=gene-Tb927.5.1690	1
ID=gene-Tb927.5.1850	1
ID=gene-Tb927.5.1890	1
ID=gene-Tb927.5.1940	1
ID=gene-Tb927.5.2620	1
ID=gene-Tb927.5.2640	1
ID=gene-Tb927.5.3610	1
ID=gene-Tb927.5.3650	1
ID=gene-Tb927.5.3730	1
ID=gene-Tb927.5.3870	1
ID=gene-Tb927.5.3900	1
ID=gene-Tb927.5.300	1
ID=gene-Tb927.5.440	1
ID=gene-Tb927.5.660	1
ID=gene-Tb927.5.880	1
ID=gene-Tb927.5.1920	1
ID=gene-Tb927.5.2010	1
ID=gene-Tb927.5.2080	1
ID=gene-Tb927.5.2590	1
ID=gene-Tb927.5.3110	1
ID=gene-Tb927.5.3290	1
ID=gene-Tb927.5.3320	1
ID=gene-Tb927.5.4300	1
ID=gene-Tb927.6.190	1
ID=gene-Tb927.6.220	1
ID=gene-Tb927.6.400	1
ID=gene-Tb927.6.560	1
ID=gene-Tb927.6.930	1
ID=gene-Tb927.6.1450	1
ID=gene-Tb927.6.2010	1
ID=gene-Tb927.6.2040	1
ID=gene-Tb927.6.2220	1
ID=gene-Tb927.6.2570	1
ID=gene-Tb927.6.2590	1
ID=gene-Tb927.6.2650	1
ID=gene-Tb927.6.3540	1
ID=gene-Tb927.6.3640	1
ID=gene-Tb927.6.4750	1
ID=gene-Tb927.6.4760	1
ID=gene-Tb927.6.4940	1
ID=gene-Tb927.6.5110	1
ID=gene-Tb927.6.620	1
ID=gene-Tb927.6.700	1
ID=gene-Tb927.6.1140	1
ID=gene-Tb927.6.1480	1
ID=gene-Tb927.6.1620	1
ID=gene-Tb927.6.2050	1
ID=gene-Tb927.6.2080	1
ID=gene-Tb927.6.2120	1
ID=gene-Tb927.6.2150	1
ID=gene-Tb927.6.3250	1
ID=gene-Tb927.6.3300	1
ID=gene-Tb927.6.3550	1
ID=gene-Tb927.6.3620	1
ID=gene-Tb927.6.3850	1
ID=gene-Tb927.6.3990	1
ID=gene-Tb927.6.4120	1
ID=gene-Tb927.6.4320	1
ID=gene-Tb927.6.4830	1
ID=gene-Tb927.6.4950	1
ID=gene-Tb927.7.210	1
ID=gene-Tb927.7.530	1
ID=gene-Tb927.7.1010	1
ID=gene-Tb927.7.1230	1
ID=gene-Tb927.7.1430	1
ID=gene-Tb927.7.1730	1
ID=gene-Tb927.7.1920	1
ID=gene-Tb927.7.2080	1
ID=gene-Tb927.7.2220	1
ID=gene-Tb927.7.3470	1
ID=gene-Tb927.7.3550	1
ID=gene-Tb927.7.4110	1
ID=gene-Tb927.7.4250	1
ID=gene-Tb927.7.4840	1
ID=gene-Tb927.7.4870	1
ID=gene-Tb927.7.4980	1
ID=gene-Tb927.7.5190	1
ID=gene-Tb927.7.5210	1
ID=gene-Tb927.7.5360	1
ID=gene-Tb927.7.5410	1
ID=gene-Tb927.7.5430	1
ID=gene-Tb927.7.5700	1
ID=gene-Tb927.7.5890	1
ID=gene-Tb927.7.6220	1
ID=gene-Tb927.7.6290	1
ID=gene-Tb927.7.6460	1
ID=gene-Tb927.7.6825	1
ID=gene-Tb927.7.6900	1
ID=gene-Tb927.7.7010	1
ID=gene-Tb927.7.7030	1
ID=gene-Tb927.7.7050	1
ID=gene-Tb927.7.7110	1
ID=gene-Tb927.7.7220	1
ID=gene-Tb927.7.7240	1
ID=gene-Tb927.7.7370	1
ID=gene-Tb927.7.330	1
ID=gene-Tb927.7.470	1
ID=gene-Tb927.7.870	1
ID=gene-Tb927.7.890	1
ID=gene-Tb927.7.910	1
ID=gene-Tb927.7.920	1
ID=gene-Tb927.7.1360	1
ID=gene-Tb927.7.1660	1
ID=gene-Tb927.7.2150	1
ID=gene-Tb927.7.2310	1
ID=gene-Tb927.7.2550	1
ID=gene-Tb927.7.2560	1
ID=gene-Tb927.7.2690	1
ID=gene-Tb927.7.3110	1
ID=gene-Tb927.7.3160	1
ID=gene-Tb927.7.3300	1
ID=gene-Tb927.7.3640	1
ID=gene-Tb927.7.4090	1
ID=gene-Tb927.7.4240	1
ID=gene-Tb927.7.4350	1
ID=gene-Tb927.7.4400	1
ID=gene-Tb927.7.4450	1
ID=gene-Tb927.7.4490	1
ID=gene-Tb927.7.4690	1
ID=gene-Tb927.7.4890	1
ID=gene-Tb927.7.5320	1
ID=gene-Tb927.7.5480	1
ID=gene-Tb927.7.6170	1
ID=gene-Tb927.7.6380	1
ID=gene-Tb927.7.6640	1
ID=gene-Tb927.7.6760	1
ID=gene-Tb927.7.6821	1
ID=gene-Tb927.7.7100	1
ID=gene-Tb927.7.7270	1
ID=gene-Tb927.7.7500	1
ID=gene-Tb927.8.1260	1
ID=gene-Tb927.8.1383	1
ID=gene-Tb927.8.1384	1
ID=gene-Tb927.8.1385	1
ID=gene-Tb927.8.1430	1
ID=gene-Tb927.8.1651	1
ID=gene-Tb927.8.1900	1
ID=gene-Tb927.8.2040	1
ID=gene-Tb927.8.2770	1
ID=gene-Tb927.8.2830	1
ID=gene-Tb927.8.3230	1
ID=gene-Tb927.8.3530	1
ID=gene-Tb927.8.4430	1
ID=gene-Tb927.8.5030	1
ID=gene-Tb927.8.5090	1
ID=gene-Tb927.8.5100	1
ID=gene-Tb927.8.5110	1
ID=gene-Tb927.8.5140	1
ID=gene-Tb927.8.5170	1
ID=gene-Tb927.8.5500	1
ID=gene-Tb927.8.5570	1
ID=gene-Tb927.8.5650	1
ID=gene-Tb927.8.5800	1
ID=gene-Tb927.8.5850	1
ID=gene-Tb927.8.5890	1
ID=gene-Tb927.8.6040	1
ID=gene-Tb927.8.6340	1
ID=gene-Tb927.8.6360	1
ID=gene-Tb927.8.6562	1
ID=gene-Tb927.8.7060	1
ID=gene-Tb927.8.7360	1
ID=gene-Tb927.8.7390	1
ID=gene-Tb927.8.7400	1
ID=gene-Tb927.8.7450	1
ID=gene-Tb927.8.7520	1
ID=gene-Tb927.8.7780	1
ID=gene-Tb927.8.7840	1
ID=gene-Tb927.8.7990	1
ID=gene-Tb927.8.8030	1
ID=gene-Tb927.8.790	1
ID=gene-Tb927.8.940	1
ID=gene-Tb927.8.960	1
ID=gene-Tb927.8.1040	1
ID=gene-Tb927.8.1150	1
ID=gene-Tb927.8.1590	1
ID=gene-Tb927.8.1860	1
ID=gene-Tb927.8.2340	1
ID=gene-Tb927.8.2550	1
ID=gene-Tb927.8.2650	1
ID=gene-Tb927.8.2660	1
ID=gene-Tb927.8.2663	1
ID=gene-Tb927.8.2750	1
ID=gene-Tb927.8.2840	1
ID=gene-Tb927.8.2980	1
ID=gene-Tb927.8.3020	1
ID=gene-Tb927.8.3800	1
ID=gene-Tb927.8.4230	1
ID=gene-Tb927.8.4260	1
ID=gene-Tb927.8.4270	1
ID=gene-Tb927.8.4380	1
ID=gene-Tb927.8.4400	1
ID=gene-Tb927.8.4490	1
ID=gene-Tb927.8.4690	1
ID=gene-Tb927.8.4820	1
ID=gene-Tb927.8.5050	1
ID=gene-Tb927.8.5120	1
ID=gene-Tb927.8.5150	1
ID=gene-Tb927.8.5900	1
ID=gene-Tb927.8.5920	1
ID=gene-Tb927.8.6120	1
ID=gene-Tb927.8.6250	1
ID=gene-Tb927.8.6560	1
ID=gene-Tb927.8.6630	1
ID=gene-Tb927.8.6830	1
ID=gene-Tb927.8.7070	1
ID=gene-Tb927.8.7410	1
ID=gene-Tb09.160.0810	1
ID=gene-Tb09.160.1950	1
ID=gene-Tb09.160.2180	1
ID=gene-Tb09.160.2460	1
ID=gene-Tb09.160.2770	1
ID=gene-Tb09.160.2750	1
ID=gene-Tb09.160.3020	1
ID=gene-Tb09.160.3370	1
ID=gene-Tb09.160.4030	1
ID=gene-Tb09.160.4210	1
ID=gene-Tb09.160.4220	1
ID=gene-Tb09.160.4250	1
ID=gene-Tb09.160.4570	1
ID=gene-Tb09.160.4580	1
ID=gene-Tb09.160.4770	1
ID=gene-Tb09.160.4890	1
ID=gene-Tb09.160.5120	1
ID=gene-Tb09.160.5470	1
ID=gene-Tb09.160.5580	1
ID=gene-Tb09.160.5590	1
ID=gene-Tb09.211.0220	1
ID=gene-Tb09.211.0320	1
ID=gene-Tb09.211.0810	1
ID=gene-Tb09.211.1450	1
ID=gene-Tb09.211.1430	1
ID=gene-Tb09.211.1470	1
ID=gene-Tb09.211.2840	1
ID=gene-Tb09.211.3180	1
ID=gene-Tb09.211.3210	1
ID=gene-Tb09.211.3310	1
ID=gene-Tb09.211.3410	1
ID=gene-Tb09.211.3510	1
ID=gene-Tb09.211.3640	1
ID=gene-Tb09.211.4340	1
ID=gene-Tb09.211.4580	1
ID=gene-Tb09.244.2550	1
ID=gene-Tb09.160.0390	1
ID=gene-Tb09.160.0650	1
ID=gene-Tb09.v1.0110	1
ID=gene-Tb09.160.1120	1
ID=gene-Tb09.160.1320	1
ID=gene-Tb09.160.1310	1
ID=gene-Tb09.160.1400	1
ID=gene-Tb09.160.2310	1
ID=gene-Tb09.160.2300	1
ID=gene-Tb09.160.2650	1
ID=gene-Tb09.160.2630	1
ID=gene-Tb09.160.2710	1
ID=gene-Tb09.160.2780	1
ID=gene-Tb09.160.2900	1
ID=gene-Tb09.160.3390	1
ID=gene-Tb09.160.3500	1
ID=gene-Tb09.160.3870	1
ID=gene-Tb09.160.4310	1
ID=gene-Tb09.160.4530	1
ID=gene-Tb09.160.4540	1
ID=gene-Tb09.160.4760	1
ID=gene-Tb09.160.4850	1
ID=gene-Tb09.160.5480	1
ID=gene-Tb09.160.5510	1
ID=gene-Tb09.211.0080	1
ID=gene-Tb09.211.0160	1
ID=gene-Tb09.211.0260	1
ID=gene-Tb09.211.0710	1
ID=gene-Tb09.211.0775	1
ID=gene-Tb09.211.1500	1
ID=gene-Tb09.211.1520	1
ID=gene-Tb09.211.1510	1
ID=gene-Tb09.211.1650	1
ID=gene-Tb09.211.2140	1
ID=gene-Tb09.211.2210	1
ID=gene-Tb09.211.2205	1
ID=gene-Tb09.v1.0630	1
ID=gene-Tb09.211.3070	1
ID=gene-Tb09.211.3060	1
ID=gene-Tb09.211.3450	1
ID=gene-Tb09.211.3730	1
ID=gene-Tb09.211.4010	1
ID=gene-Tb09.211.4220	1
ID=gene-Tb09.211.4330	1
ID=gene-Tb09.211.4430	1
ID=gene-Tb09.211.4600	1
ID=gene-Tb09.211.4670	1
ID=gene-Tb09.211.4730	1
ID=gene-Tb09.211.4800	1
ID=gene-Tb09_SLRNA_0003	1
ID=gene-Tb09_SLRNA_0004	1
ID=gene-Tb09_SLRNA_0005	1
ID=gene-Tb09_SLRNA_0006	1
ID=gene-Tb09_SLRNA_0007	1
ID=gene-Tb09_SLRNA_0008	1
ID=gene-Tb09_SLRNA_0009	1
ID=gene-Tb09_SLRNA_0010	1
ID=gene-Tb09_SLRNA_0011	1
ID=gene-Tb09_SLRNA_0012	1
ID=gene-Tb09_SLRNA_0013	1
ID=gene-Tb09_SLRNA_0014	1
ID=gene-Tb09_SLRNA_0015	1
ID=gene-Tb09_SLRNA_0016	1
ID=gene-Tb09_SLRNA_0017	1
ID=gene-Tb09_SLRNA_0018	1
ID=gene-Tb09_SLRNA_0019	1
ID=gene-Tb09_SLRNA_0020	1
ID=gene-Tb09_SLRNA_0021	1
ID=gene-Tb09_SLRNA_0022	1
ID=gene-Tb09_SLRNA_0023	1
ID=gene-Tb09_SLRNA_0024	1
ID=gene-Tb09_SLRNA_0025	1
ID=gene-Tb09_SLRNA_0026	1
ID=gene-Tb09_SLRNA_0027	1
ID=gene-Tb09_SLRNA_0028	1
ID=gene-Tb09.244.2820	1
ID=gene-Tb10.70.7950	1
ID=gene-Tb10.70.7490	1
ID=gene-Tb10.70.7440	1
ID=gene-Tb10.70.6910	1
ID=gene-Tb10.70.6870	1
ID=gene-Tb10.70.6190	1
ID=gene-Tb10.70.6140	1
ID=gene-Tb10.70.5850	1
ID=gene-Tb10.70.5220	1
ID=gene-Tb10.70_v2.40	1
ID=gene-Tb10.70.4700	1
ID=gene-Tb10.70.4650	1
ID=gene-Tb10.70.4270	1
ID=gene-Tb10.70.4155	1
ID=gene-Tb10.70.3990	1
ID=gene-Tb10.70.2820	1
ID=gene-Tb10.70.2230	1
ID=gene-Tb10.70.1790	1
ID=gene-Tb10.70.1720	1
ID=gene-Tb10.70.1650	1
ID=gene-Tb10.70.1310	1
ID=gene-Tb10.70.1110	1
ID=gene-Tb10.70.0860	1
ID=gene-Tb10.70.0500	1
ID=gene-Tb10.70.0470	1
ID=gene-Tb10.6k15.3700	1
ID=gene-Tb10.20.0180	1
ID=gene-Tb10.6k15.2920	1
ID=gene-Tb10.6k15.2820	1
ID=gene-Tb10.6k15.2510	1
ID=gene-Tb10.6k15.2390	1
ID=gene-Tb10.6k15.2190	1
ID=gene-Tb10.6k15.2060	1
ID=gene-Tb10.6k15.1930	1
ID=gene-Tb10.6k15.1870	1
ID=gene-Tb10.6k15.1620	1
ID=gene-Tb10.6k15.1470	1
ID=gene-Tb10.6k15.1390	1
ID=gene-Tb10.6k15.1350	1
ID=gene-Tb10.6k15.1210	1
ID=gene-Tb10.6k15.1140	1
ID=gene-Tb10.6k15.1050	1
ID=gene-Tb10.6k15.0890	1
ID=gene-Tb10.6k15.0820	1
ID=gene-Tb10.6k15.0030	1
ID=gene-Tb10.6k15.0020	1
ID=gene-Tb10.406.0500	1
ID=gene-Tb10.406.0110	1
ID=gene-Tb10_tRNA_Ala_1	1
ID=gene-Tb10.26.1070	1
ID=gene-Tb10.26.0400	1
ID=gene-Tb10.26.0390	1
ID=gene-Tb10.26.0310	1
ID=gene-Tb10.389.1770	1
ID=gene-Tb10.389.1690	1
ID=gene-Tb10.389.1490	1
ID=gene-Tb10.389.1050	1
ID=gene-Tb10.389.0660	1
ID=gene-Tb10.389.0360	1
ID=gene-Tb10.05.0250	1
ID=gene-Tb10.05.0240	1
ID=gene-Tb10.61.3000	1
ID=gene-Tb10.61.2700	1
ID=gene-Tb10.61.1630	1
ID=gene-Tb10.61.1650	1
ID=gene-Tb10.61.1480	1
ID=gene-Tb10.61.1320	1
ID=gene-Tb10.61.1110	1
ID=gene-Tb10.61.0930	1
ID=gene-Tb10.61.0910	1
ID=gene-Tb10.61.0800	1
ID=gene-Tb10.61.0580	1
ID=gene-Tb10.61.0430	1
ID=gene-Tb10.61.0270	1
ID=gene-Tb10.61.0130	1
ID=gene-Tb10.100.0210	1
ID=gene-Tb10.70.7695	1
ID=gene-Tb10.70.7150	1
ID=gene-Tb10.70.7120	1
ID=gene-Tb10.70.6600	1
ID=gene-Tb10.70.6410	1
ID=gene-Tb10.70.6350	1
ID=gene-Tb10.70.5830	1
ID=gene-Tb10.70.5450	1
ID=gene-Tb10.70.5210	1
ID=gene-Tb10.70.5150	1
ID=gene-Tb10.70.5050	1
ID=gene-Tb10.70.3640	1
ID=gene-Tb10.70.3440	1
ID=gene-Tb10.70.3310	1
ID=gene-Tb10.70.2950	1
ID=gene-Tb10.70.2870	1
ID=gene-Tb10.70.2780	1
ID=gene-Tb10.70.2330	1
ID=gene-Tb10.70.2310	1
ID=gene-Tb10.70.2220	1
ID=gene-Tb10.70.1950	1
ID=gene-Tb10.70.1860	1
ID=gene-Tb10.70.0600	1
ID=gene-Tb10.6k15.3680	1
ID=gene-Tb10.6k15.3410	1
ID=gene-Tb10.6k15.3230	1
ID=gene-Tb10.6k15.3140	1
ID=gene-Tb10.6k15.3080	1
ID=gene-Tb10.6k15.3070	1
ID=gene-Tb10_tRNA_Pro_2	1
ID=gene-Tb10.6k15.2400	1
ID=gene-Tb10.6k15.2250	1
ID=gene-Tb10.6k15.2220	1
ID=gene-Tb10.6k15.1760	1
ID=gene-Tb10.6k15.1030	1
ID=gene-Tb10.6k15.0360	1
ID=gene-Tb10.6k15.0080	1
ID=gene-Tb10.6k15.0060	1
ID=gene-Tb10.6k15.0010	1
ID=gene-Tb10.406.0580	1
ID=gene-Tb10.406.0510	1
ID=gene-Tb10.406.0230	1
ID=gene-Tb10.26.0150	1
ID=gene-Tb10.26.0160	1
ID=gene-Tb10.389.1670	1
ID=gene-Tb10.389.1420	1
ID=gene-Tb10.389.1270	1
ID=gene-Tb10.389.1040	1
ID=gene-Tb10.389.0890	1
ID=gene-Tb10.389.0800	1
ID=gene-Tb10.389.0610	1
ID=gene-Tb10.389.0530	1
ID=gene-Tb10.389.0470	1
ID=gene-Tb10.389.0350	1
ID=gene-Tb10.05.0140	1
ID=gene-Tb10.61.2890	1
ID=gene-Tb10.61.2610	1
ID=gene-Tb10.61.2590	1
ID=gene-Tb10.61.2440	1
ID=gene-Tb10.61.2430	1
ID=gene-Tb10.61.2110	1
ID=gene-Tb10.61.1020	1
ID=gene-Tb11.03.0370	1
ID=gene-Tb11.v4.0001	1
ID=gene-Tb11.47.0002	1
ID=gene-Tb11.55.0016	1
ID=gene-Tb11.55.0005	1
ID=gene-Tb11.57.0005	1
ID=gene-Tb11.18.0005	1
ID=gene-Tb11.22.0011	1
ID=gene-Tb11.22.0010	1
ID=gene-Tb11.02.0030	1
ID=gene-Tb11.02.0060	1
ID=gene-Tb11.02.0410	1
ID=gene-Tb11.02.0820	1
ID=gene-Tb11.02.0880	1
ID=gene-Tb11.02.1010	1
ID=gene-Tb11.02.1120	1
ID=gene-Tb11.02.1290	1
ID=gene-Tb11.02.1450	1
ID=gene-Tb11.02.1480	1
ID=gene-Tb11.02.2210	1
ID=gene-Tb11.02.2400	1
ID=gene-Tb11.02.2520	1
ID=gene-Tb11.02.2770	1
ID=gene-Tb11.02.3070	1
ID=gene-Tb11.02.3130	1
ID=gene-Tb11.02.3510	1
ID=gene-Tb11.02.4040	1
ID=gene-Tb11.02.4430	1
ID=gene-Tb11.02.4750	1
ID=gene-Tb11.02.4850	1
ID=gene-Tb11.02.4880	1
ID=gene-Tb11.02.4920	1
ID=gene-Tb11.02.5165	1
ID=gene-Tb11.02.5190	1
ID=gene-Tb11.02.5250	1
ID=gene-Tb11.02.5290	1
ID=gene-Tb11.02.5350	1
ID=gene-Tb11.02.5680	1
ID=gene-Tb11.01.0130	1
ID=gene-Tb11.12.0006	1
ID=gene-Tb11.01.0680	1
ID=gene-Tb11.01.0930	1
ID=gene-Tb11.01.1130	1
ID=gene-Tb11.01.1150	1
ID=gene-Tb11.01.1750	1
ID=gene-Tb11.01.2020	1
ID=gene-Tb11.01.2260	1
ID=gene-Tb11.01.2500	1
ID=gene-Tb11.01.2530	1
ID=gene-Tb11.01.2590	1
ID=gene-Tb11.01.2640	1
ID=gene-Tb11.01.2695	1
ID=gene-Tb11.01.2730	1
ID=gene-Tb11.01.2860	1
ID=gene-Tb11.01.2870	1
ID=gene-Tb11.01.3220	1
ID=gene-Tb11.01.3380	1
ID=gene-Tb11.01.3560	1
ID=gene-Tb11.01.3570	1
ID=gene-Tb11.01.3930	1
ID=gene-Tb11.01.4050	1
ID=gene-Tb11.01.4510	1
ID=gene-Tb11.01.4560	1
ID=gene-Tb11.01.4760	1
ID=gene-Tb11.01.4780	1
ID=gene-Tb11.01.4860	1
ID=gene-Tb11.01.5630	1
ID=gene-Tb11.01.5690	1
ID=gene-Tb11.01.5910	1
ID=gene-Tb11.01.6120	1
ID=gene-Tb11.01.6110	1
ID=gene-Tb11.01.7240	1
ID=gene-Tb11.01.8150	1
ID=gene-Tb11.01.8460	1
ID=gene-Tb11.01.8530	1
ID=gene-Tb11.01.8560	1
ID=gene-Tb11.01.8720	1
ID=gene-Tb11.03.0300	1
ID=gene-Tb11.03.0240	1
ID=gene-Tb11.55.0030	1
ID=gene-Tb11.55.0008	1
ID=gene-Tb11.39.0006	1
ID=gene-Tb11.18.0003	1
ID=gene-Tb11.02.0150	1
ID=gene-Tb11.02.0320	1
ID=gene-Tb11.02.0357	1
ID=gene-Tb11.02.0690	1
ID=gene-Tb11.02.0720	1
ID=gene-Tb11.02.0815	1
ID=gene-Tb11.02.0930	1
ID=gene-Tb11.02.1135	1
ID=gene-Tb11.02.1690	1
ID=gene-Tb11.02.1860	1
ID=gene-Tb11.02.2130	1
ID=gene-Tb11.02.2160	1
ID=gene-Tb11.02.2600	1
ID=gene-Tb11.02.3890	1
ID=gene-Tb11.02.4080	1
ID=gene-Tb11.02.4100	1
ID=gene-Tb11.02.4110	1
ID=gene-Tb11.02.4140	1
ID=gene-Tb11.02.4260	1
ID=gene-Tb11.02.4440	1
ID=gene-Tb11.02.4630	1
ID=gene-Tb11.02.5460	1
ID=gene-Tb11.02.5720	1
ID=gene-Tb11.02.5790	1
ID=gene-Tb11.01.0210	1
ID=gene-Tb11.01.1480	1
ID=gene-Tb11.01.1640	1
ID=gene-Tb11.01.1700	1
ID=gene-Tb11.01.2060	1
ID=gene-Tb11.01.2200	1
ID=gene-Tb11.01.3340	1
ID=gene-Tb11.01.3400	1
ID=gene-Tb11.01.3600	1
ID=gene-Tb11.01.3890	1
ID=gene-Tb11.01.4280	1
ID=gene-Tb11.01.4430	1
ID=gene-Tb11.01.4570	1
ID=gene-Tb11.01.4620	1
ID=gene-Tb11.52.0002	1
ID=gene-Tb11.52.0004	1
ID=gene-Tb11.52.0016	1
ID=gene-Tb11.01.4720	1
ID=gene-Tb11.01.5090	1
ID=gene-Tb11.01.5410	1
ID=gene-Tb11.01.5730	1
ID=gene-Tb11.01.6770	1
ID=gene-Tb11.01.7030	1
ID=gene-Tb11.01.7070	1
ID=gene-Tb11.01.7190	1
ID=gene-Tb11.01.7260	1
ID=gene-Tb11.01.7440	1
ID=gene-Tb11.01.7580	1
ID=gene-Tb11.01.7740	1
ID=gene-Tb11.01.7760	1
ID=gene-Tb11.01.7900	1
ID=gene-Tb11.01.8230	1
ID=gene-Tb11.01.8270	1
ID=gene-Tb11.01.8600	1
